"System Error - this product has missing attributes , please contact support","System Error - this product has missing attributes , please contact support"
"Method not allowed!","Method not allowed!"
"We can't find products matching the selection.","We can't find products matching the selection."
"Configure","Configure"
"Loading","Loading"
"this product has a missing configuration","this product has a missing configuration"
"ConfigureTech Configurator","ConfigureTech Configurator"
"Configurator Setting","Configurator Setting"
"API Key","API Key"
"Hide Custom Options at Checkout","Hide Custom Options at Checkout"
"ConfigureTech AttributeSet Id","ConfigureTech AttributeSet Id"